scenario,adoption,surplus_GWh,absorbed_GWh,pct_absorbed
low,0.01,8,0.16459723183391006,2.0574653979238757
low,0.05,8,0.8229861591695503,10.287326989619379
low,0.1,8,1.6459723183391006,20.574653979238757
mid,0.01,16,0.16459723183391006,1.0287326989619379
mid,0.05,16,0.8229861591695503,5.143663494809689
mid,0.1,16,1.6459723183391006,10.287326989619379
high,0.01,32,0.16459723183391006,0.5143663494809689
high,0.05,32,0.8229861591695503,2.5718317474048447
high,0.1,32,1.6459723183391006,5.143663494809689
